round,component,__source_file,__source_sheet,supplier,customer,warehouse,revenue,shelf_life_days,product,price,forecast_error_pct
-2,Pack 1 liter,TFC_-2_6.xlsx,Component,,,,,,,,
-1,Pack 1 liter,TFC_-2_6.xlsx,Component,,,,,,,,
0,Pack 1 liter,TFC_-2_6.xlsx,Component,,,,,,,,
1,Pack 1 liter,TFC_-2_6.xlsx,Component,,,,,,,,
2,Pack 1 liter,TFC_-2_6.xlsx,Component,,,,,,,,
3,Pack 1 liter,TFC_-2_6.xlsx,Component,,,,,,,,
4,Pack 1 liter,TFC_-2_6.xlsx,Component,,,,,,,,
5,Pack 1 liter,TFC_-2_6.xlsx,Component,,,,,,,,
6,Pack 1 liter,TFC_-2_6.xlsx,Component,,,,,,,,
-2,PET,TFC_-2_6.xlsx,Component,,,,,,,,
-1,PET,TFC_-2_6.xlsx,Component,,,,,,,,
0,PET,TFC_-2_6.xlsx,Component,,,,,,,,
1,PET,TFC_-2_6.xlsx,Component,,,,,,,,
2,PET,TFC_-2_6.xlsx,Component,,,,,,,,
3,PET,TFC_-2_6.xlsx,Component,,,,,,,,
4,PET,TFC_-2_6.xlsx,Component,,,,,,,,
5,PET,TFC_-2_6.xlsx,Component,,,,,,,,
6,PET,TFC_-2_6.xlsx,Component,,,,,,,,
-2,Orange,TFC_-2_6.xlsx,Component,,,,,,,,
-1,Orange,TFC_-2_6.xlsx,Component,,,,,,,,
0,Orange,TFC_-2_6.xlsx,Component,,,,,,,,
1,Orange,TFC_-2_6.xlsx,Component,,,,,,,,
2,Orange,TFC_-2_6.xlsx,Component,,,,,,,,
3,Orange,TFC_-2_6.xlsx,Component,,,,,,,,
4,Orange,TFC_-2_6.xlsx,Component,,,,,,,,
5,Orange,TFC_-2_6.xlsx,Component,,,,,,,,
6,Orange,TFC_-2_6.xlsx,Component,,,,,,,,
-2,Mango,TFC_-2_6.xlsx,Component,,,,,,,,
-1,Mango,TFC_-2_6.xlsx,Component,,,,,,,,
0,Mango,TFC_-2_6.xlsx,Component,,,,,,,,
1,Mango,TFC_-2_6.xlsx,Component,,,,,,,,
2,Mango,TFC_-2_6.xlsx,Component,,,,,,,,
3,Mango,TFC_-2_6.xlsx,Component,,,,,,,,
4,Mango,TFC_-2_6.xlsx,Component,,,,,,,,
5,Mango,TFC_-2_6.xlsx,Component,,,,,,,,
6,Mango,TFC_-2_6.xlsx,Component,,,,,,,,
-2,Vitamin C,TFC_-2_6.xlsx,Component,,,,,,,,
-1,Vitamin C,TFC_-2_6.xlsx,Component,,,,,,,,
0,Vitamin C,TFC_-2_6.xlsx,Component,,,,,,,,
1,Vitamin C,TFC_-2_6.xlsx,Component,,,,,,,,
2,Vitamin C,TFC_-2_6.xlsx,Component,,,,,,,,
3,Vitamin C,TFC_-2_6.xlsx,Component,,,,,,,,
4,Vitamin C,TFC_-2_6.xlsx,Component,,,,,,,,
5,Vitamin C,TFC_-2_6.xlsx,Component,,,,,,,,
6,Vitamin C,TFC_-2_6.xlsx,Component,,,,,,,,
-2,,TFC_-2_6.xlsx,Supplier,Mono Packaging Materials,,,,,,,
-1,,TFC_-2_6.xlsx,Supplier,Mono Packaging Materials,,,,,,,
0,,TFC_-2_6.xlsx,Supplier,Mono Packaging Materials,,,,,,,
1,,TFC_-2_6.xlsx,Supplier,Mono Packaging Materials,,,,,,,
2,,TFC_-2_6.xlsx,Supplier,Mono Packaging Materials,,,,,,,
3,,TFC_-2_6.xlsx,Supplier,Mono Packaging Materials,,,,,,,
4,,TFC_-2_6.xlsx,Supplier,Mono Packaging Materials,,,,,,,
5,,TFC_-2_6.xlsx,Supplier,Brit Pack,,,,,,,
6,,TFC_-2_6.xlsx,Supplier,Brit Pack,,,,,,,
-2,,TFC_-2_6.xlsx,Supplier,Miami Oranges,,,,,,,
-1,,TFC_-2_6.xlsx,Supplier,Miami Oranges,,,,,,,
0,,TFC_-2_6.xlsx,Supplier,Miami Oranges,,,,,,,
1,,TFC_-2_6.xlsx,Supplier,Miami Oranges,,,,,,,
2,,TFC_-2_6.xlsx,Supplier,Miami Oranges,,,,,,,
3,,TFC_-2_6.xlsx,Supplier,Miami Oranges,,,,,,,
4,,TFC_-2_6.xlsx,Supplier,Miami Oranges,,,,,,,
5,,TFC_-2_6.xlsx,Supplier,Miami Oranges,,,,,,,
6,,TFC_-2_6.xlsx,Supplier,Miami Oranges,,,,,,,
-2,,TFC_-2_6.xlsx,Supplier,NO8DO Mango,,,,,,,
-1,,TFC_-2_6.xlsx,Supplier,NO8DO Mango,,,,,,,
0,,TFC_-2_6.xlsx,Supplier,NO8DO Mango,,,,,,,
1,,TFC_-2_6.xlsx,Supplier,NO8DO Mango,,,,,,,
2,,TFC_-2_6.xlsx,Supplier,NO8DO Mango,,,,,,,
3,,TFC_-2_6.xlsx,Supplier,NO8DO Mango,,,,,,,
4,,TFC_-2_6.xlsx,Supplier,NO8DO Mango,,,,,,,
5,,TFC_-2_6.xlsx,Supplier,NO8DO Mango,,,,,,,
6,,TFC_-2_6.xlsx,Supplier,NO8DO Mango,,,,,,,
-2,,TFC_-2_6.xlsx,Supplier,Seitan Vitamins,,,,,,,
-1,,TFC_-2_6.xlsx,Supplier,Seitan Vitamins,,,,,,,
0,,TFC_-2_6.xlsx,Supplier,Seitan Vitamins,,,,,,,
1,,TFC_-2_6.xlsx,Supplier,Seitan Vitamins,,,,,,,
2,,TFC_-2_6.xlsx,Supplier,Seitan Vitamins,,,,,,,
3,,TFC_-2_6.xlsx,Supplier,Seitan Vitamins,,,,,,,
4,,TFC_-2_6.xlsx,Supplier,Seitan Vitamins,,,,,,,
5,,TFC_-2_6.xlsx,Supplier,YoBoMa,,,,,,,
6,,TFC_-2_6.xlsx,Supplier,YoBoMa,,,,,,,
-2,,TFC_-2_6.xlsx,Supplier,Trio PET PLC,,,,,,,
-1,,TFC_-2_6.xlsx,Supplier,Trio PET PLC,,,,,,,
0,,TFC_-2_6.xlsx,Supplier,Trio PET PLC,,,,,,,
1,,TFC_-2_6.xlsx,Supplier,Trio PET PLC,,,,,,,
2,,TFC_-2_6.xlsx,Supplier,Trio PET PLC,,,,,,,
3,,TFC_-2_6.xlsx,Supplier,Trio PET PLC,,,,,,,
4,,TFC_-2_6.xlsx,Supplier,Trio PET PLC,,,,,,,
5,,TFC_-2_6.xlsx,Supplier,Plantin PET,,,,,,,
6,,TFC_-2_6.xlsx,Supplier,Plantin PET,,,,,,,
-2,Pack 1 liter,TFC_-2_6.xlsx,Supplier - Component,Mono Packaging Materials,,,,,,,
-1,Pack 1 liter,TFC_-2_6.xlsx,Supplier - Component,Mono Packaging Materials,,,,,,,
0,Pack 1 liter,TFC_-2_6.xlsx,Supplier - Component,Mono Packaging Materials,,,,,,,
1,Pack 1 liter,TFC_-2_6.xlsx,Supplier - Component,Mono Packaging Materials,,,,,,,
2,Pack 1 liter,TFC_-2_6.xlsx,Supplier - Component,Mono Packaging Materials,,,,,,,
3,Pack 1 liter,TFC_-2_6.xlsx,Supplier - Component,Mono Packaging Materials,,,,,,,
4,Pack 1 liter,TFC_-2_6.xlsx,Supplier - Component,Mono Packaging Materials,,,,,,,
5,Pack 1 liter,TFC_-2_6.xlsx,Supplier - Component,Brit Pack,,,,,,,
6,Pack 1 liter,TFC_-2_6.xlsx,Supplier - Component,Brit Pack,,,,,,,
-2,Orange,TFC_-2_6.xlsx,Supplier - Component,Miami Oranges,,,,,,,
-1,Orange,TFC_-2_6.xlsx,Supplier - Component,Miami Oranges,,,,,,,
0,Orange,TFC_-2_6.xlsx,Supplier - Component,Miami Oranges,,,,,,,
1,Orange,TFC_-2_6.xlsx,Supplier - Component,Miami Oranges,,,,,,,
2,Orange,TFC_-2_6.xlsx,Supplier - Component,Miami Oranges,,,,,,,
3,Orange,TFC_-2_6.xlsx,Supplier - Component,Miami Oranges,,,,,,,
4,Orange,TFC_-2_6.xlsx,Supplier - Component,Miami Oranges,,,,,,,
5,Orange,TFC_-2_6.xlsx,Supplier - Component,Miami Oranges,,,,,,,
6,Orange,TFC_-2_6.xlsx,Supplier - Component,Miami Oranges,,,,,,,
-2,Mango,TFC_-2_6.xlsx,Supplier - Component,NO8DO Mango,,,,,,,
-1,Mango,TFC_-2_6.xlsx,Supplier - Component,NO8DO Mango,,,,,,,
0,Mango,TFC_-2_6.xlsx,Supplier - Component,NO8DO Mango,,,,,,,
1,Mango,TFC_-2_6.xlsx,Supplier - Component,NO8DO Mango,,,,,,,
2,Mango,TFC_-2_6.xlsx,Supplier - Component,NO8DO Mango,,,,,,,
3,Mango,TFC_-2_6.xlsx,Supplier - Component,NO8DO Mango,,,,,,,
4,Mango,TFC_-2_6.xlsx,Supplier - Component,NO8DO Mango,,,,,,,
5,Mango,TFC_-2_6.xlsx,Supplier - Component,NO8DO Mango,,,,,,,
6,Mango,TFC_-2_6.xlsx,Supplier - Component,NO8DO Mango,,,,,,,
-2,Vitamin C,TFC_-2_6.xlsx,Supplier - Component,Seitan Vitamins,,,,,,,
-1,Vitamin C,TFC_-2_6.xlsx,Supplier - Component,Seitan Vitamins,,,,,,,
0,Vitamin C,TFC_-2_6.xlsx,Supplier - Component,Seitan Vitamins,,,,,,,
1,Vitamin C,TFC_-2_6.xlsx,Supplier - Component,Seitan Vitamins,,,,,,,
2,Vitamin C,TFC_-2_6.xlsx,Supplier - Component,Seitan Vitamins,,,,,,,
3,Vitamin C,TFC_-2_6.xlsx,Supplier - Component,Seitan Vitamins,,,,,,,
4,Vitamin C,TFC_-2_6.xlsx,Supplier - Component,Seitan Vitamins,,,,,,,
5,Vitamin C,TFC_-2_6.xlsx,Supplier - Component,YoBoMa,,,,,,,
6,Vitamin C,TFC_-2_6.xlsx,Supplier - Component,YoBoMa,,,,,,,
-2,PET,TFC_-2_6.xlsx,Supplier - Component,Trio PET PLC,,,,,,,
-1,PET,TFC_-2_6.xlsx,Supplier - Component,Trio PET PLC,,,,,,,
0,PET,TFC_-2_6.xlsx,Supplier - Component,Trio PET PLC,,,,,,,
1,PET,TFC_-2_6.xlsx,Supplier - Component,Trio PET PLC,,,,,,,
2,PET,TFC_-2_6.xlsx,Supplier - Component,Trio PET PLC,,,,,,,
3,PET,TFC_-2_6.xlsx,Supplier - Component,Trio PET PLC,,,,,,,
4,PET,TFC_-2_6.xlsx,Supplier - Component,Trio PET PLC,,,,,,,
5,PET,TFC_-2_6.xlsx,Supplier - Component,Plantin PET,,,,,,,
6,PET,TFC_-2_6.xlsx,Supplier - Component,Plantin PET,,,,,,,
-2,,TFC_-2_6.xlsx,Bottling line,,,,,,,,
-1,,TFC_-2_6.xlsx,Bottling line,,,,,,,,
0,,TFC_-2_6.xlsx,Bottling line,,,,,,,,
1,,TFC_-2_6.xlsx,Bottling line,,,,,,,,
2,,TFC_-2_6.xlsx,Bottling line,,,,,,,,
3,,TFC_-2_6.xlsx,Bottling line,,,,,,,,
4,,TFC_-2_6.xlsx,Bottling line,,,,,,,,
5,,TFC_-2_6.xlsx,Bottling line,,,,,,,,
6,,TFC_-2_6.xlsx,Bottling line,,,,,,,,
-2,,TFC_-2_6.xlsx,Mixers,,,,,,,,
-1,,TFC_-2_6.xlsx,Mixers,,,,,,,,
0,,TFC_-2_6.xlsx,Mixers,,,,,,,,
1,,TFC_-2_6.xlsx,Mixers,,,,,,,,
2,,TFC_-2_6.xlsx,Mixers,,,,,,,,
3,,TFC_-2_6.xlsx,Mixers,,,,,,,,
4,,TFC_-2_6.xlsx,Mixers,,,,,,,,
5,,TFC_-2_6.xlsx,Mixers,,,,,,,,
6,,TFC_-2_6.xlsx,Mixers,,,,,,,,
-2,,TFC_-2_6.xlsx,Customer,,Food & Groceries,14.8629,42215.5063,0.8571,,,
-1,,TFC_-2_6.xlsx,Customer,,Food & Groceries,14.695,40197.5519,0.8593,,,
0,,TFC_-2_6.xlsx,Customer,,Food & Groceries,14.695,40197.5519,0.8593,,,
1,,TFC_-2_6.xlsx,Customer,,Food & Groceries,15.4369,50610.764,0.8502,,,
2,,TFC_-2_6.xlsx,Customer,,Food & Groceries,14.9544,51073.7296,0.8526,,,
3,,TFC_-2_6.xlsx,Customer,,Food & Groceries,11.1662,51701.5543,0.8895,,,
4,,TFC_-2_6.xlsx,Customer,,Food & Groceries,11.4042,48120.2349,0.8878,,,
5,,TFC_-2_6.xlsx,Customer,,Food & Groceries,13.0784,49483.9135,0.8721,,,
6,,TFC_-2_6.xlsx,Customer,,Food & Groceries,13.0517,50307.5025,0.8724,,,
-2,,TFC_-2_6.xlsx,Customer,,LAND Market,15.2902,22840.3917,0.8509,,,
-1,,TFC_-2_6.xlsx,Customer,,LAND Market,15.0515,22556.1919,0.8534,,,
0,,TFC_-2_6.xlsx,Customer,,LAND Market,15.0515,22556.1919,0.8534,,,
1,,TFC_-2_6.xlsx,Customer,,LAND Market,15.6122,24422.4235,0.8477,,,
2,,TFC_-2_6.xlsx,Customer,,LAND Market,14.9831,24612.2283,0.8505,,,
3,,TFC_-2_6.xlsx,Customer,,LAND Market,11.2437,25190.5669,0.8874,,,
4,,TFC_-2_6.xlsx,Customer,,LAND Market,12.651,24446.3596,0.8756,,,
5,,TFC_-2_6.xlsx,Customer,,LAND Market,13.3575,24295.3691,0.868,,,
6,,TFC_-2_6.xlsx,Customer,,LAND Market,13.3435,24248.0045,0.8682,,,
-2,,TFC_-2_6.xlsx,Customer,,Dominick's,14.3567,26207.157,0.8647,,,
-1,,TFC_-2_6.xlsx,Customer,,Dominick's,14.3452,25948.3677,0.8658,,,
0,,TFC_-2_6.xlsx,Customer,,Dominick's,14.3452,25948.3677,0.8658,,,
1,,TFC_-2_6.xlsx,Customer,,Dominick's,15.0209,26985.5495,0.8565,,,
2,,TFC_-2_6.xlsx,Customer,,Dominick's,14.5892,27399.6976,0.8579,,,
3,,TFC_-2_6.xlsx,Customer,,Dominick's,11.2182,27829.454,0.8913,,,
4,,TFC_-2_6.xlsx,Customer,,Dominick's,11.0545,26732.5272,0.8908,,,
5,,TFC_-2_6.xlsx,Customer,,Dominick's,13.0135,26919.0174,0.8742,,,
6,,TFC_-2_6.xlsx,Customer,,Dominick's,13.0023,27064.9286,0.8744,,,
-2,,TFC_-2_6.xlsx,Customer - Product,,Food & Groceries,,,0.8505,Fressie Orange 1 liter,,
-1,,TFC_-2_6.xlsx,Customer - Product,,Food & Groceries,,,0.8528,Fressie Orange 1 liter,,
0,,TFC_-2_6.xlsx,Customer - Product,,Food & Groceries,,,0.8528,Fressie Orange 1 liter,,
1,,TFC_-2_6.xlsx,Customer - Product,,Food & Groceries,,,0.8453,Fressie Orange 1 liter,,
2,,TFC_-2_6.xlsx,Customer - Product,,Food & Groceries,,,0.8534,Fressie Orange 1 liter,,
3,,TFC_-2_6.xlsx,Customer - Product,,Food & Groceries,,,0.8926,Fressie Orange 1 liter,,
4,,TFC_-2_6.xlsx,Customer - Product,,Food & Groceries,,,0.886,Fressie Orange 1 liter,,
5,,TFC_-2_6.xlsx,Customer - Product,,Food & Groceries,,,0.8696,Fressie Orange 1 liter,,
6,,TFC_-2_6.xlsx,Customer - Product,,Food & Groceries,,,0.8702,Fressie Orange 1 liter,,
-2,,TFC_-2_6.xlsx,Customer - Product,,Food & Groceries,,,0.8511,Fressie Orange/Mango PET,,
-1,,TFC_-2_6.xlsx,Customer - Product,,Food & Groceries,,,0.8516,Fressie Orange/Mango PET,,
0,,TFC_-2_6.xlsx,Customer - Product,,Food & Groceries,,,0.8516,Fressie Orange/Mango PET,,
1,,TFC_-2_6.xlsx,Customer - Product,,Food & Groceries,,,0.8451,Fressie Orange/Mango PET,,
2,,TFC_-2_6.xlsx,Customer - Product,,Food & Groceries,,,0.8491,Fressie Orange/Mango PET,,
3,,TFC_-2_6.xlsx,Customer - Product,,Food & Groceries,,,0.8851,Fressie Orange/Mango PET,,
4,,TFC_-2_6.xlsx,Customer - Product,,Food & Groceries,,,0.8865,Fressie Orange/Mango PET,,
5,,TFC_-2_6.xlsx,Customer - Product,,Food & Groceries,,,0.8676,Fressie Orange/Mango PET,,
6,,TFC_-2_6.xlsx,Customer - Product,,Food & Groceries,,,0.8682,Fressie Orange/Mango PET,,
-2,,TFC_-2_6.xlsx,Customer - Product,,Food & Groceries,,,0.8693,Fressie Orange/C-power PET,,
-1,,TFC_-2_6.xlsx,Customer - Product,,Food & Groceries,,,0.8735,Fressie Orange/C-power PET,,
0,,TFC_-2_6.xlsx,Customer - Product,,Food & Groceries,,,0.8735,Fressie Orange/C-power PET,,
1,,TFC_-2_6.xlsx,Customer - Product,,Food & Groceries,,,0.8566,Fressie Orange/C-power PET,,
2,,TFC_-2_6.xlsx,Customer - Product,,Food & Groceries,,,0.8525,Fressie Orange/C-power PET,,
3,,TFC_-2_6.xlsx,Customer - Product,,Food & Groceries,,,0.8891,Fressie Orange/C-power PET,,
4,,TFC_-2_6.xlsx,Customer - Product,,Food & Groceries,,,0.8876,Fressie Orange/C-power PET,,
5,,TFC_-2_6.xlsx,Customer - Product,,Food & Groceries,,,0.879,Fressie Orange/C-power PET,,
6,,TFC_-2_6.xlsx,Customer - Product,,Food & Groceries,,,0.879,Fressie Orange/C-power PET,,
-2,,TFC_-2_6.xlsx,Customer - Product,,Food & Groceries,,,0.8462,Fressie Orange PET,,
-1,,TFC_-2_6.xlsx,Customer - Product,,Food & Groceries,,,0.8459,Fressie Orange PET,,
0,,TFC_-2_6.xlsx,Customer - Product,,Food & Groceries,,,0.8459,Fressie Orange PET,,
1,,TFC_-2_6.xlsx,Customer - Product,,Food & Groceries,,,0.837,Fressie Orange PET,,
2,,TFC_-2_6.xlsx,Customer - Product,,Food & Groceries,,,0.8404,Fressie Orange PET,,
3,,TFC_-2_6.xlsx,Customer - Product,,Food & Groceries,,,0.8812,Fressie Orange PET,,
4,,TFC_-2_6.xlsx,Customer - Product,,Food & Groceries,,,0.8822,Fressie Orange PET,,
5,,TFC_-2_6.xlsx,Customer - Product,,Food & Groceries,,,0.8643,Fressie Orange PET,,
6,,TFC_-2_6.xlsx,Customer - Product,,Food & Groceries,,,0.8643,Fressie Orange PET,,
-2,,TFC_-2_6.xlsx,Customer - Product,,Food & Groceries,,,0.8512,Fressie Orange/Mango 1 liter,,
-1,,TFC_-2_6.xlsx,Customer - Product,,Food & Groceries,,,0.8546,Fressie Orange/Mango 1 liter,,
0,,TFC_-2_6.xlsx,Customer - Product,,Food & Groceries,,,0.8546,Fressie Orange/Mango 1 liter,,
1,,TFC_-2_6.xlsx,Customer - Product,,Food & Groceries,,,0.8503,Fressie Orange/Mango 1 liter,,
2,,TFC_-2_6.xlsx,Customer - Product,,Food & Groceries,,,0.8562,Fressie Orange/Mango 1 liter,,
3,,TFC_-2_6.xlsx,Customer - Product,,Food & Groceries,,,0.8903,Fressie Orange/Mango 1 liter,,
4,,TFC_-2_6.xlsx,Customer - Product,,Food & Groceries,,,0.8874,Fressie Orange/Mango 1 liter,,
5,,TFC_-2_6.xlsx,Customer - Product,,Food & Groceries,,,0.871,Fressie Orange/Mango 1 liter,,
6,,TFC_-2_6.xlsx,Customer - Product,,Food & Groceries,,,0.871,Fressie Orange/Mango 1 liter,,
-2,,TFC_-2_6.xlsx,Customer - Product,,Food & Groceries,,,0.8744,Fressie Orange/C-power 1 liter,,
-1,,TFC_-2_6.xlsx,Customer - Product,,Food & Groceries,,,0.8773,Fressie Orange/C-power 1 liter,,
0,,TFC_-2_6.xlsx,Customer - Product,,Food & Groceries,,,0.8773,Fressie Orange/C-power 1 liter,,
1,,TFC_-2_6.xlsx,Customer - Product,,Food & Groceries,,,0.8669,Fressie Orange/C-power 1 liter,,
2,,TFC_-2_6.xlsx,Customer - Product,,Food & Groceries,,,0.864,Fressie Orange/C-power 1 liter,,
3,,TFC_-2_6.xlsx,Customer - Product,,Food & Groceries,,,0.8989,Fressie Orange/C-power 1 liter,,
4,,TFC_-2_6.xlsx,Customer - Product,,Food & Groceries,,,0.8974,Fressie Orange/C-power 1 liter,,
5,,TFC_-2_6.xlsx,Customer - Product,,Food & Groceries,,,0.8813,Fressie Orange/C-power 1 liter,,
6,,TFC_-2_6.xlsx,Customer - Product,,Food & Groceries,,,0.8821,Fressie Orange/C-power 1 liter,,
-2,,TFC_-2_6.xlsx,Customer - Product,,LAND Market,,,0.8486,Fressie Orange 1 liter,,
-1,,TFC_-2_6.xlsx,Customer - Product,,LAND Market,,,0.8512,Fressie Orange 1 liter,,
0,,TFC_-2_6.xlsx,Customer - Product,,LAND Market,,,0.8512,Fressie Orange 1 liter,,
1,,TFC_-2_6.xlsx,Customer - Product,,LAND Market,,,0.8427,Fressie Orange 1 liter,,
2,,TFC_-2_6.xlsx,Customer - Product,,LAND Market,,,0.8523,Fressie Orange 1 liter,,
3,,TFC_-2_6.xlsx,Customer - Product,,LAND Market,,,0.8916,Fressie Orange 1 liter,,
4,,TFC_-2_6.xlsx,Customer - Product,,LAND Market,,,0.8742,Fressie Orange 1 liter,,
5,,TFC_-2_6.xlsx,Customer - Product,,LAND Market,,,0.8659,Fressie Orange 1 liter,,
6,,TFC_-2_6.xlsx,Customer - Product,,LAND Market,,,0.8662,Fressie Orange 1 liter,,
-2,,TFC_-2_6.xlsx,Customer - Product,,LAND Market,,,0.8431,Fressie Orange/Mango PET,,
-1,,TFC_-2_6.xlsx,Customer - Product,,LAND Market,,,0.8449,Fressie Orange/Mango PET,,
0,,TFC_-2_6.xlsx,Customer - Product,,LAND Market,,,0.8449,Fressie Orange/Mango PET,,
1,,TFC_-2_6.xlsx,Customer - Product,,LAND Market,,,0.842,Fressie Orange/Mango PET,,
2,,TFC_-2_6.xlsx,Customer - Product,,LAND Market,,,0.8464,Fressie Orange/Mango PET,,
3,,TFC_-2_6.xlsx,Customer - Product,,LAND Market,,,0.8842,Fressie Orange/Mango PET,,
4,,TFC_-2_6.xlsx,Customer - Product,,LAND Market,,,0.8738,Fressie Orange/Mango PET,,
5,,TFC_-2_6.xlsx,Customer - Product,,LAND Market,,,0.8645,Fressie Orange/Mango PET,,
6,,TFC_-2_6.xlsx,Customer - Product,,LAND Market,,,0.8649,Fressie Orange/Mango PET,,
-2,,TFC_-2_6.xlsx,Customer - Product,,LAND Market,,,0.8627,Fressie Orange/C-power PET,,
-1,,TFC_-2_6.xlsx,Customer - Product,,LAND Market,,,0.8656,Fressie Orange/C-power PET,,
0,,TFC_-2_6.xlsx,Customer - Product,,LAND Market,,,0.8656,Fressie Orange/C-power PET,,
1,,TFC_-2_6.xlsx,Customer - Product,,LAND Market,,,0.858,Fressie Orange/C-power PET,,
2,,TFC_-2_6.xlsx,Customer - Product,,LAND Market,,,0.8527,Fressie Orange/C-power PET,,
3,,TFC_-2_6.xlsx,Customer - Product,,LAND Market,,,0.8875,Fressie Orange/C-power PET,,
4,,TFC_-2_6.xlsx,Customer - Product,,LAND Market,,,0.8785,Fressie Orange/C-power PET,,
5,,TFC_-2_6.xlsx,Customer - Product,,LAND Market,,,0.8716,Fressie Orange/C-power PET,,
6,,TFC_-2_6.xlsx,Customer - Product,,LAND Market,,,0.8716,Fressie Orange/C-power PET,,
-2,,TFC_-2_6.xlsx,Customer - Product,,LAND Market,,,0.8386,Fressie Orange PET,,
-1,,TFC_-2_6.xlsx,Customer - Product,,LAND Market,,,0.8378,Fressie Orange PET,,
0,,TFC_-2_6.xlsx,Customer - Product,,LAND Market,,,0.8378,Fressie Orange PET,,
1,,TFC_-2_6.xlsx,Customer - Product,,LAND Market,,,0.8354,Fressie Orange PET,,
2,,TFC_-2_6.xlsx,Customer - Product,,LAND Market,,,0.8415,Fressie Orange PET,,
3,,TFC_-2_6.xlsx,Customer - Product,,LAND Market,,,0.8767,Fressie Orange PET,,
4,,TFC_-2_6.xlsx,Customer - Product,,LAND Market,,,0.8662,Fressie Orange PET,,
5,,TFC_-2_6.xlsx,Customer - Product,,LAND Market,,,0.8615,Fressie Orange PET,,
6,,TFC_-2_6.xlsx,Customer - Product,,LAND Market,,,0.8613,Fressie Orange PET,,
-2,,TFC_-2_6.xlsx,Customer - Product,,LAND Market,,,0.8466,Fressie Orange/Mango 1 liter,,
-1,,TFC_-2_6.xlsx,Customer - Product,,LAND Market,,,0.8511,Fressie Orange/Mango 1 liter,,
0,,TFC_-2_6.xlsx,Customer - Product,,LAND Market,,,0.8511,Fressie Orange/Mango 1 liter,,
1,,TFC_-2_6.xlsx,Customer - Product,,LAND Market,,,0.8466,Fressie Orange/Mango 1 liter,,
2,,TFC_-2_6.xlsx,Customer - Product,,LAND Market,,,0.8525,Fressie Orange/Mango 1 liter,,
3,,TFC_-2_6.xlsx,Customer - Product,,LAND Market,,,0.8886,Fressie Orange/Mango 1 liter,,
4,,TFC_-2_6.xlsx,Customer - Product,,LAND Market,,,0.8738,Fressie Orange/Mango 1 liter,,
5,,TFC_-2_6.xlsx,Customer - Product,,LAND Market,,,0.8687,Fressie Orange/Mango 1 liter,,
6,,TFC_-2_6.xlsx,Customer - Product,,LAND Market,,,0.8687,Fressie Orange/Mango 1 liter,,
-2,,TFC_-2_6.xlsx,Customer - Product,,LAND Market,,,0.866,Fressie Orange/C-power 1 liter,,
-1,,TFC_-2_6.xlsx,Customer - Product,,LAND Market,,,0.8697,Fressie Orange/C-power 1 liter,,
0,,TFC_-2_6.xlsx,Customer - Product,,LAND Market,,,0.8697,Fressie Orange/C-power 1 liter,,
1,,TFC_-2_6.xlsx,Customer - Product,,LAND Market,,,0.8614,Fressie Orange/C-power 1 liter,,
2,,TFC_-2_6.xlsx,Customer - Product,,LAND Market,,,0.8576,Fressie Orange/C-power 1 liter,,
3,,TFC_-2_6.xlsx,Customer - Product,,LAND Market,,,0.8956,Fressie Orange/C-power 1 liter,,
4,,TFC_-2_6.xlsx,Customer - Product,,LAND Market,,,0.887,Fressie Orange/C-power 1 liter,,
5,,TFC_-2_6.xlsx,Customer - Product,,LAND Market,,,0.8755,Fressie Orange/C-power 1 liter,,
6,,TFC_-2_6.xlsx,Customer - Product,,LAND Market,,,0.8764,Fressie Orange/C-power 1 liter,,
-2,,TFC_-2_6.xlsx,Customer - Product,,Dominick's,,,0.8594,Fressie Orange/Mango PET,,
-1,,TFC_-2_6.xlsx,Customer - Product,,Dominick's,,,0.8603,Fressie Orange/Mango PET,,
0,,TFC_-2_6.xlsx,Customer - Product,,Dominick's,,,0.8603,Fressie Orange/Mango PET,,
1,,TFC_-2_6.xlsx,Customer - Product,,Dominick's,,,0.8533,Fressie Orange/Mango PET,,
2,,TFC_-2_6.xlsx,Customer - Product,,Dominick's,,,0.8567,Fressie Orange/Mango PET,,
3,,TFC_-2_6.xlsx,Customer - Product,,Dominick's,,,0.8891,Fressie Orange/Mango PET,,
4,,TFC_-2_6.xlsx,Customer - Product,,Dominick's,,,0.8897,Fressie Orange/Mango PET,,
5,,TFC_-2_6.xlsx,Customer - Product,,Dominick's,,,0.8741,Fressie Orange/Mango PET,,
6,,TFC_-2_6.xlsx,Customer - Product,,Dominick's,,,0.8749,Fressie Orange/Mango PET,,
-2,,TFC_-2_6.xlsx,Customer - Product,,Dominick's,,,0.8831,Fressie Orange/C-power PET,,
-1,,TFC_-2_6.xlsx,Customer - Product,,Dominick's,,,0.886,Fressie Orange/C-power PET,,
0,,TFC_-2_6.xlsx,Customer - Product,,Dominick's,,,0.886,Fressie Orange/C-power PET,,
1,,TFC_-2_6.xlsx,Customer - Product,,Dominick's,,,0.8709,Fressie Orange/C-power PET,,
2,,TFC_-2_6.xlsx,Customer - Product,,Dominick's,,,0.8658,Fressie Orange/C-power PET,,
3,,TFC_-2_6.xlsx,Customer - Product,,Dominick's,,,0.8992,Fressie Orange/C-power PET,,
4,,TFC_-2_6.xlsx,Customer - Product,,Dominick's,,,0.894,Fressie Orange/C-power PET,,
5,,TFC_-2_6.xlsx,Customer - Product,,Dominick's,,,0.8821,Fressie Orange/C-power PET,,
6,,TFC_-2_6.xlsx,Customer - Product,,Dominick's,,,0.8821,Fressie Orange/C-power PET,,
-2,,TFC_-2_6.xlsx,Customer - Product,,Dominick's,,,0.8517,Fressie Orange PET,,
-1,,TFC_-2_6.xlsx,Customer - Product,,Dominick's,,,0.8512,Fressie Orange PET,,
0,,TFC_-2_6.xlsx,Customer - Product,,Dominick's,,,0.8512,Fressie Orange PET,,
1,,TFC_-2_6.xlsx,Customer - Product,,Dominick's,,,0.8452,Fressie Orange PET,,
2,,TFC_-2_6.xlsx,Customer - Product,,Dominick's,,,0.8513,Fressie Orange PET,,
3,,TFC_-2_6.xlsx,Customer - Product,,Dominick's,,,0.8856,Fressie Orange PET,,
4,,TFC_-2_6.xlsx,Customer - Product,,Dominick's,,,0.8887,Fressie Orange PET,,
5,,TFC_-2_6.xlsx,Customer - Product,,Dominick's,,,0.8663,Fressie Orange PET,,
6,,TFC_-2_6.xlsx,Customer - Product,,Dominick's,,,0.8661,Fressie Orange PET,,
-2,,TFC_-2_6.xlsx,Product,,,,,,Fressie Orange 1 liter,0.392,0.4959
-1,,TFC_-2_6.xlsx,Product,,,,,,Fressie Orange 1 liter,0.3785,0.4899
0,,TFC_-2_6.xlsx,Product,,,,,,Fressie Orange 1 liter,0.3785,0.4899
1,,TFC_-2_6.xlsx,Product,,,,,,Fressie Orange 1 liter,0.4506,0.4899
2,,TFC_-2_6.xlsx,Product,,,,,,Fressie Orange 1 liter,0.4545,0.4899
3,,TFC_-2_6.xlsx,Product,,,,,,Fressie Orange 1 liter,0.4619,0.49
4,,TFC_-2_6.xlsx,Product,,,,,,Fressie Orange 1 liter,0.4364,0.49
5,,TFC_-2_6.xlsx,Product,,,,,,Fressie Orange 1 liter,0.4433,0.49
6,,TFC_-2_6.xlsx,Product,,,,,,Fressie Orange 1 liter,0.4477,0.49
-2,,TFC_-2_6.xlsx,Product,,,,,,Fressie Orange/Mango PET,0.2352,0.5199
-1,,TFC_-2_6.xlsx,Product,,,,,,Fressie Orange/Mango PET,0.2303,0.5171
0,,TFC_-2_6.xlsx,Product,,,,,,Fressie Orange/Mango PET,0.2303,0.5171
1,,TFC_-2_6.xlsx,Product,,,,,,Fressie Orange/Mango PET,0.254,0.5171
2,,TFC_-2_6.xlsx,Product,,,,,,Fressie Orange/Mango PET,0.2573,0.5171
3,,TFC_-2_6.xlsx,Product,,,,,,Fressie Orange/Mango PET,0.2612,0.5174
4,,TFC_-2_6.xlsx,Product,,,,,,Fressie Orange/Mango PET,0.2488,0.5174
5,,TFC_-2_6.xlsx,Product,,,,,,Fressie Orange/Mango PET,0.2518,0.5174
6,,TFC_-2_6.xlsx,Product,,,,,,Fressie Orange/Mango PET,0.2538,0.5174
-2,,TFC_-2_6.xlsx,Product,,,,,,Fressie Orange/C-power PET,0.3009,0.587
-1,,TFC_-2_6.xlsx,Product,,,,,,Fressie Orange/C-power PET,0.2947,0.5838
0,,TFC_-2_6.xlsx,Product,,,,,,Fressie Orange/C-power PET,0.2947,0.5838
1,,TFC_-2_6.xlsx,Product,,,,,,Fressie Orange/C-power PET,0.3251,0.5838
2,,TFC_-2_6.xlsx,Product,,,,,,Fressie Orange/C-power PET,0.3293,0.5838
3,,TFC_-2_6.xlsx,Product,,,,,,Fressie Orange/C-power PET,0.3343,0.5841
4,,TFC_-2_6.xlsx,Product,,,,,,Fressie Orange/C-power PET,0.3184,0.5843
5,,TFC_-2_6.xlsx,Product,,,,,,Fressie Orange/C-power PET,0.3223,0.5843
6,,TFC_-2_6.xlsx,Product,,,,,,Fressie Orange/C-power PET,0.3249,0.5843
-2,,TFC_-2_6.xlsx,Product,,,,,,Fressie Orange PET,0.207,0.4721
-1,,TFC_-2_6.xlsx,Product,,,,,,Fressie Orange PET,0.2027,0.4712
0,,TFC_-2_6.xlsx,Product,,,,,,Fressie Orange PET,0.2027,0.4712
1,,TFC_-2_6.xlsx,Product,,,,,,Fressie Orange PET,0.2235,0.4712
2,,TFC_-2_6.xlsx,Product,,,,,,Fressie Orange PET,0.2264,0.4712
3,,TFC_-2_6.xlsx,Product,,,,,,Fressie Orange PET,0.2299,0.4714
4,,TFC_-2_6.xlsx,Product,,,,,,Fressie Orange PET,0.2189,0.4713
5,,TFC_-2_6.xlsx,Product,,,,,,Fressie Orange PET,0.2216,0.4713
6,,TFC_-2_6.xlsx,Product,,,,,,Fressie Orange PET,0.2234,0.4713
-2,,TFC_-2_6.xlsx,Product,,,,,,Fressie Orange/Mango 1 liter,0.418,0.5153
-1,,TFC_-2_6.xlsx,Product,,,,,,Fressie Orange/Mango 1 liter,0.4036,0.5094
0,,TFC_-2_6.xlsx,Product,,,,,,Fressie Orange/Mango 1 liter,0.4036,0.5094
1,,TFC_-2_6.xlsx,Product,,,,,,Fressie Orange/Mango 1 liter,0.4807,0.5094
2,,TFC_-2_6.xlsx,Product,,,,,,Fressie Orange/Mango 1 liter,0.4848,0.5094
3,,TFC_-2_6.xlsx,Product,,,,,,Fressie Orange/Mango 1 liter,0.4927,0.5096
4,,TFC_-2_6.xlsx,Product,,,,,,Fressie Orange/Mango 1 liter,0.4655,0.5095
5,,TFC_-2_6.xlsx,Product,,,,,,Fressie Orange/Mango 1 liter,0.4729,0.5095
6,,TFC_-2_6.xlsx,Product,,,,,,Fressie Orange/Mango 1 liter,0.4776,0.5095
-2,,TFC_-2_6.xlsx,Product,,,,,,Fressie Orange/C-power 1 liter,0.4791,0.6126
-1,,TFC_-2_6.xlsx,Product,,,,,,Fressie Orange/C-power 1 liter,0.4626,0.6063
0,,TFC_-2_6.xlsx,Product,,,,,,Fressie Orange/C-power 1 liter,0.4626,0.6063
1,,TFC_-2_6.xlsx,Product,,,,,,Fressie Orange/C-power 1 liter,0.5507,0.6063
2,,TFC_-2_6.xlsx,Product,,,,,,Fressie Orange/C-power 1 liter,0.5555,0.6063
3,,TFC_-2_6.xlsx,Product,,,,,,Fressie Orange/C-power 1 liter,0.5645,0.6076
4,,TFC_-2_6.xlsx,Product,,,,,,Fressie Orange/C-power 1 liter,0.5334,0.6074
5,,TFC_-2_6.xlsx,Product,,,,,,Fressie Orange/C-power 1 liter,0.5418,0.6074
6,,TFC_-2_6.xlsx,Product,,,,,,Fressie Orange/C-power 1 liter,0.5472,0.6074
-2,,TFC_-2_6.xlsx,"Warehouse, Salesarea",,,Raw materials warehouse,,,,,
-1,,TFC_-2_6.xlsx,"Warehouse, Salesarea",,,Raw materials warehouse,,,,,
0,,TFC_-2_6.xlsx,"Warehouse, Salesarea",,,Raw materials warehouse,,,,,
1,,TFC_-2_6.xlsx,"Warehouse, Salesarea",,,Raw materials warehouse,,,,,
2,,TFC_-2_6.xlsx,"Warehouse, Salesarea",,,Raw materials warehouse,,,,,
3,,TFC_-2_6.xlsx,"Warehouse, Salesarea",,,Raw materials warehouse,,,,,
4,,TFC_-2_6.xlsx,"Warehouse, Salesarea",,,Raw materials warehouse,,,,,
5,,TFC_-2_6.xlsx,"Warehouse, Salesarea",,,Raw materials warehouse,,,,,
6,,TFC_-2_6.xlsx,"Warehouse, Salesarea",,,Raw materials warehouse,,,,,
-2,,TFC_-2_6.xlsx,"Warehouse, Salesarea",,,Tank yard,,,,,
-1,,TFC_-2_6.xlsx,"Warehouse, Salesarea",,,Tank yard,,,,,
0,,TFC_-2_6.xlsx,"Warehouse, Salesarea",,,Tank yard,,,,,
1,,TFC_-2_6.xlsx,"Warehouse, Salesarea",,,Tank yard,,,,,
2,,TFC_-2_6.xlsx,"Warehouse, Salesarea",,,Tank yard,,,,,
3,,TFC_-2_6.xlsx,"Warehouse, Salesarea",,,Tank yard,,,,,
4,,TFC_-2_6.xlsx,"Warehouse, Salesarea",,,Tank yard,,,,,
5,,TFC_-2_6.xlsx,"Warehouse, Salesarea",,,Tank yard,,,,,
6,,TFC_-2_6.xlsx,"Warehouse, Salesarea",,,Tank yard,,,,,
-2,,TFC_-2_6.xlsx,"Warehouse, Salesarea",,,Finished goods warehouse,,,,,
-1,,TFC_-2_6.xlsx,"Warehouse, Salesarea",,,Finished goods warehouse,,,,,
0,,TFC_-2_6.xlsx,"Warehouse, Salesarea",,,Finished goods warehouse,,,,,
1,,TFC_-2_6.xlsx,"Warehouse, Salesarea",,,Finished goods warehouse,,,,,
2,,TFC_-2_6.xlsx,"Warehouse, Salesarea",,,Finished goods warehouse,,,,,
3,,TFC_-2_6.xlsx,"Warehouse, Salesarea",,,Finished goods warehouse,,,,,
4,,TFC_-2_6.xlsx,"Warehouse, Salesarea",,,Finished goods warehouse,,,,,
5,,TFC_-2_6.xlsx,"Warehouse, Salesarea",,,Finished goods warehouse,,,,,
6,,TFC_-2_6.xlsx,"Warehouse, Salesarea",,,Finished goods warehouse,,,,,
-2,,TFC_-2_6.xlsx,Salesarea - Customer - Product,,Food & Groceries,,,0.8505,Fressie Orange 1 liter,,
-1,,TFC_-2_6.xlsx,Salesarea - Customer - Product,,Food & Groceries,,,0.8528,Fressie Orange 1 liter,,
0,,TFC_-2_6.xlsx,Salesarea - Customer - Product,,Food & Groceries,,,0.8528,Fressie Orange 1 liter,,
1,,TFC_-2_6.xlsx,Salesarea - Customer - Product,,Food & Groceries,,,0.8453,Fressie Orange 1 liter,,
2,,TFC_-2_6.xlsx,Salesarea - Customer - Product,,Food & Groceries,,,0.8534,Fressie Orange 1 liter,,
3,,TFC_-2_6.xlsx,Salesarea - Customer - Product,,Food & Groceries,,,0.8926,Fressie Orange 1 liter,,
4,,TFC_-2_6.xlsx,Salesarea - Customer - Product,,Food & Groceries,,,0.886,Fressie Orange 1 liter,,
5,,TFC_-2_6.xlsx,Salesarea - Customer - Product,,Food & Groceries,,,0.8696,Fressie Orange 1 liter,,
6,,TFC_-2_6.xlsx,Salesarea - Customer - Product,,Food & Groceries,,,0.8702,Fressie Orange 1 liter,,
-2,,TFC_-2_6.xlsx,Salesarea - Customer - Product,,Food & Groceries,,,0.8511,Fressie Orange/Mango PET,,
-1,,TFC_-2_6.xlsx,Salesarea - Customer - Product,,Food & Groceries,,,0.8516,Fressie Orange/Mango PET,,
0,,TFC_-2_6.xlsx,Salesarea - Customer - Product,,Food & Groceries,,,0.8516,Fressie Orange/Mango PET,,
1,,TFC_-2_6.xlsx,Salesarea - Customer - Product,,Food & Groceries,,,0.8451,Fressie Orange/Mango PET,,
2,,TFC_-2_6.xlsx,Salesarea - Customer - Product,,Food & Groceries,,,0.8491,Fressie Orange/Mango PET,,
3,,TFC_-2_6.xlsx,Salesarea - Customer - Product,,Food & Groceries,,,0.8851,Fressie Orange/Mango PET,,
4,,TFC_-2_6.xlsx,Salesarea - Customer - Product,,Food & Groceries,,,0.8865,Fressie Orange/Mango PET,,
5,,TFC_-2_6.xlsx,Salesarea - Customer - Product,,Food & Groceries,,,0.8676,Fressie Orange/Mango PET,,
6,,TFC_-2_6.xlsx,Salesarea - Customer - Product,,Food & Groceries,,,0.8682,Fressie Orange/Mango PET,,
-2,,TFC_-2_6.xlsx,Salesarea - Customer - Product,,Food & Groceries,,,0.8693,Fressie Orange/C-power PET,,
-1,,TFC_-2_6.xlsx,Salesarea - Customer - Product,,Food & Groceries,,,0.8735,Fressie Orange/C-power PET,,
0,,TFC_-2_6.xlsx,Salesarea - Customer - Product,,Food & Groceries,,,0.8735,Fressie Orange/C-power PET,,
1,,TFC_-2_6.xlsx,Salesarea - Customer - Product,,Food & Groceries,,,0.8566,Fressie Orange/C-power PET,,
2,,TFC_-2_6.xlsx,Salesarea - Customer - Product,,Food & Groceries,,,0.8525,Fressie Orange/C-power PET,,
3,,TFC_-2_6.xlsx,Salesarea - Customer - Product,,Food & Groceries,,,0.8891,Fressie Orange/C-power PET,,
4,,TFC_-2_6.xlsx,Salesarea - Customer - Product,,Food & Groceries,,,0.8876,Fressie Orange/C-power PET,,
5,,TFC_-2_6.xlsx,Salesarea - Customer - Product,,Food & Groceries,,,0.879,Fressie Orange/C-power PET,,
6,,TFC_-2_6.xlsx,Salesarea - Customer - Product,,Food & Groceries,,,0.879,Fressie Orange/C-power PET,,
-2,,TFC_-2_6.xlsx,Salesarea - Customer - Product,,Food & Groceries,,,0.8462,Fressie Orange PET,,
-1,,TFC_-2_6.xlsx,Salesarea - Customer - Product,,Food & Groceries,,,0.8459,Fressie Orange PET,,
0,,TFC_-2_6.xlsx,Salesarea - Customer - Product,,Food & Groceries,,,0.8459,Fressie Orange PET,,
1,,TFC_-2_6.xlsx,Salesarea - Customer - Product,,Food & Groceries,,,0.837,Fressie Orange PET,,
2,,TFC_-2_6.xlsx,Salesarea - Customer - Product,,Food & Groceries,,,0.8404,Fressie Orange PET,,
3,,TFC_-2_6.xlsx,Salesarea - Customer - Product,,Food & Groceries,,,0.8812,Fressie Orange PET,,
4,,TFC_-2_6.xlsx,Salesarea - Customer - Product,,Food & Groceries,,,0.8822,Fressie Orange PET,,
5,,TFC_-2_6.xlsx,Salesarea - Customer - Product,,Food & Groceries,,,0.8643,Fressie Orange PET,,
6,,TFC_-2_6.xlsx,Salesarea - Customer - Product,,Food & Groceries,,,0.8643,Fressie Orange PET,,
-2,,TFC_-2_6.xlsx,Salesarea - Customer - Product,,Food & Groceries,,,0.8512,Fressie Orange/Mango 1 liter,,
-1,,TFC_-2_6.xlsx,Salesarea - Customer - Product,,Food & Groceries,,,0.8546,Fressie Orange/Mango 1 liter,,
0,,TFC_-2_6.xlsx,Salesarea - Customer - Product,,Food & Groceries,,,0.8546,Fressie Orange/Mango 1 liter,,
1,,TFC_-2_6.xlsx,Salesarea - Customer - Product,,Food & Groceries,,,0.8503,Fressie Orange/Mango 1 liter,,
2,,TFC_-2_6.xlsx,Salesarea - Customer - Product,,Food & Groceries,,,0.8562,Fressie Orange/Mango 1 liter,,
3,,TFC_-2_6.xlsx,Salesarea - Customer - Product,,Food & Groceries,,,0.8903,Fressie Orange/Mango 1 liter,,
4,,TFC_-2_6.xlsx,Salesarea - Customer - Product,,Food & Groceries,,,0.8874,Fressie Orange/Mango 1 liter,,
5,,TFC_-2_6.xlsx,Salesarea - Customer - Product,,Food & Groceries,,,0.871,Fressie Orange/Mango 1 liter,,
6,,TFC_-2_6.xlsx,Salesarea - Customer - Product,,Food & Groceries,,,0.871,Fressie Orange/Mango 1 liter,,
-2,,TFC_-2_6.xlsx,Salesarea - Customer - Product,,Food & Groceries,,,0.8744,Fressie Orange/C-power 1 liter,,
-1,,TFC_-2_6.xlsx,Salesarea - Customer - Product,,Food & Groceries,,,0.8773,Fressie Orange/C-power 1 liter,,
0,,TFC_-2_6.xlsx,Salesarea - Customer - Product,,Food & Groceries,,,0.8773,Fressie Orange/C-power 1 liter,,
1,,TFC_-2_6.xlsx,Salesarea - Customer - Product,,Food & Groceries,,,0.8669,Fressie Orange/C-power 1 liter,,
2,,TFC_-2_6.xlsx,Salesarea - Customer - Product,,Food & Groceries,,,0.864,Fressie Orange/C-power 1 liter,,
3,,TFC_-2_6.xlsx,Salesarea - Customer - Product,,Food & Groceries,,,0.8989,Fressie Orange/C-power 1 liter,,
4,,TFC_-2_6.xlsx,Salesarea - Customer - Product,,Food & Groceries,,,0.8974,Fressie Orange/C-power 1 liter,,
5,,TFC_-2_6.xlsx,Salesarea - Customer - Product,,Food & Groceries,,,0.8813,Fressie Orange/C-power 1 liter,,
6,,TFC_-2_6.xlsx,Salesarea - Customer - Product,,Food & Groceries,,,0.8821,Fressie Orange/C-power 1 liter,,
-2,,TFC_-2_6.xlsx,Salesarea - Customer - Product,,LAND Market,,,0.8486,Fressie Orange 1 liter,,
-1,,TFC_-2_6.xlsx,Salesarea - Customer - Product,,LAND Market,,,0.8512,Fressie Orange 1 liter,,
0,,TFC_-2_6.xlsx,Salesarea - Customer - Product,,LAND Market,,,0.8512,Fressie Orange 1 liter,,
1,,TFC_-2_6.xlsx,Salesarea - Customer - Product,,LAND Market,,,0.8427,Fressie Orange 1 liter,,
2,,TFC_-2_6.xlsx,Salesarea - Customer - Product,,LAND Market,,,0.8523,Fressie Orange 1 liter,,
3,,TFC_-2_6.xlsx,Salesarea - Customer - Product,,LAND Market,,,0.8916,Fressie Orange 1 liter,,
4,,TFC_-2_6.xlsx,Salesarea - Customer - Product,,LAND Market,,,0.8742,Fressie Orange 1 liter,,
5,,TFC_-2_6.xlsx,Salesarea - Customer - Product,,LAND Market,,,0.8659,Fressie Orange 1 liter,,
6,,TFC_-2_6.xlsx,Salesarea - Customer - Product,,LAND Market,,,0.8662,Fressie Orange 1 liter,,
-2,,TFC_-2_6.xlsx,Salesarea - Customer - Product,,LAND Market,,,0.8431,Fressie Orange/Mango PET,,
-1,,TFC_-2_6.xlsx,Salesarea - Customer - Product,,LAND Market,,,0.8449,Fressie Orange/Mango PET,,
0,,TFC_-2_6.xlsx,Salesarea - Customer - Product,,LAND Market,,,0.8449,Fressie Orange/Mango PET,,
1,,TFC_-2_6.xlsx,Salesarea - Customer - Product,,LAND Market,,,0.842,Fressie Orange/Mango PET,,
2,,TFC_-2_6.xlsx,Salesarea - Customer - Product,,LAND Market,,,0.8464,Fressie Orange/Mango PET,,
3,,TFC_-2_6.xlsx,Salesarea - Customer - Product,,LAND Market,,,0.8842,Fressie Orange/Mango PET,,
4,,TFC_-2_6.xlsx,Salesarea - Customer - Product,,LAND Market,,,0.8738,Fressie Orange/Mango PET,,
5,,TFC_-2_6.xlsx,Salesarea - Customer - Product,,LAND Market,,,0.8645,Fressie Orange/Mango PET,,
6,,TFC_-2_6.xlsx,Salesarea - Customer - Product,,LAND Market,,,0.8649,Fressie Orange/Mango PET,,
-2,,TFC_-2_6.xlsx,Salesarea - Customer - Product,,LAND Market,,,0.8627,Fressie Orange/C-power PET,,
-1,,TFC_-2_6.xlsx,Salesarea - Customer - Product,,LAND Market,,,0.8656,Fressie Orange/C-power PET,,
0,,TFC_-2_6.xlsx,Salesarea - Customer - Product,,LAND Market,,,0.8656,Fressie Orange/C-power PET,,
1,,TFC_-2_6.xlsx,Salesarea - Customer - Product,,LAND Market,,,0.858,Fressie Orange/C-power PET,,
2,,TFC_-2_6.xlsx,Salesarea - Customer - Product,,LAND Market,,,0.8527,Fressie Orange/C-power PET,,
3,,TFC_-2_6.xlsx,Salesarea - Customer - Product,,LAND Market,,,0.8875,Fressie Orange/C-power PET,,
4,,TFC_-2_6.xlsx,Salesarea - Customer - Product,,LAND Market,,,0.8785,Fressie Orange/C-power PET,,
5,,TFC_-2_6.xlsx,Salesarea - Customer - Product,,LAND Market,,,0.8716,Fressie Orange/C-power PET,,
6,,TFC_-2_6.xlsx,Salesarea - Customer - Product,,LAND Market,,,0.8716,Fressie Orange/C-power PET,,
-2,,TFC_-2_6.xlsx,Salesarea - Customer - Product,,LAND Market,,,0.8386,Fressie Orange PET,,
-1,,TFC_-2_6.xlsx,Salesarea - Customer - Product,,LAND Market,,,0.8378,Fressie Orange PET,,
0,,TFC_-2_6.xlsx,Salesarea - Customer - Product,,LAND Market,,,0.8378,Fressie Orange PET,,
1,,TFC_-2_6.xlsx,Salesarea - Customer - Product,,LAND Market,,,0.8354,Fressie Orange PET,,
2,,TFC_-2_6.xlsx,Salesarea - Customer - Product,,LAND Market,,,0.8415,Fressie Orange PET,,
3,,TFC_-2_6.xlsx,Salesarea - Customer - Product,,LAND Market,,,0.8767,Fressie Orange PET,,
4,,TFC_-2_6.xlsx,Salesarea - Customer - Product,,LAND Market,,,0.8662,Fressie Orange PET,,
5,,TFC_-2_6.xlsx,Salesarea - Customer - Product,,LAND Market,,,0.8615,Fressie Orange PET,,
6,,TFC_-2_6.xlsx,Salesarea - Customer - Product,,LAND Market,,,0.8613,Fressie Orange PET,,
-2,,TFC_-2_6.xlsx,Salesarea - Customer - Product,,LAND Market,,,0.8466,Fressie Orange/Mango 1 liter,,
-1,,TFC_-2_6.xlsx,Salesarea - Customer - Product,,LAND Market,,,0.8511,Fressie Orange/Mango 1 liter,,
0,,TFC_-2_6.xlsx,Salesarea - Customer - Product,,LAND Market,,,0.8511,Fressie Orange/Mango 1 liter,,
1,,TFC_-2_6.xlsx,Salesarea - Customer - Product,,LAND Market,,,0.8466,Fressie Orange/Mango 1 liter,,
2,,TFC_-2_6.xlsx,Salesarea - Customer - Product,,LAND Market,,,0.8525,Fressie Orange/Mango 1 liter,,
3,,TFC_-2_6.xlsx,Salesarea - Customer - Product,,LAND Market,,,0.8886,Fressie Orange/Mango 1 liter,,
4,,TFC_-2_6.xlsx,Salesarea - Customer - Product,,LAND Market,,,0.8738,Fressie Orange/Mango 1 liter,,
5,,TFC_-2_6.xlsx,Salesarea - Customer - Product,,LAND Market,,,0.8687,Fressie Orange/Mango 1 liter,,
6,,TFC_-2_6.xlsx,Salesarea - Customer - Product,,LAND Market,,,0.8687,Fressie Orange/Mango 1 liter,,
-2,,TFC_-2_6.xlsx,Salesarea - Customer - Product,,LAND Market,,,0.866,Fressie Orange/C-power 1 liter,,
-1,,TFC_-2_6.xlsx,Salesarea - Customer - Product,,LAND Market,,,0.8697,Fressie Orange/C-power 1 liter,,
0,,TFC_-2_6.xlsx,Salesarea - Customer - Product,,LAND Market,,,0.8697,Fressie Orange/C-power 1 liter,,
1,,TFC_-2_6.xlsx,Salesarea - Customer - Product,,LAND Market,,,0.8614,Fressie Orange/C-power 1 liter,,
2,,TFC_-2_6.xlsx,Salesarea - Customer - Product,,LAND Market,,,0.8576,Fressie Orange/C-power 1 liter,,
3,,TFC_-2_6.xlsx,Salesarea - Customer - Product,,LAND Market,,,0.8956,Fressie Orange/C-power 1 liter,,
4,,TFC_-2_6.xlsx,Salesarea - Customer - Product,,LAND Market,,,0.887,Fressie Orange/C-power 1 liter,,
5,,TFC_-2_6.xlsx,Salesarea - Customer - Product,,LAND Market,,,0.8755,Fressie Orange/C-power 1 liter,,
6,,TFC_-2_6.xlsx,Salesarea - Customer - Product,,LAND Market,,,0.8764,Fressie Orange/C-power 1 liter,,
-2,,TFC_-2_6.xlsx,Salesarea - Customer - Product,,Dominick's,,,0.8594,Fressie Orange/Mango PET,,
-1,,TFC_-2_6.xlsx,Salesarea - Customer - Product,,Dominick's,,,0.8603,Fressie Orange/Mango PET,,
0,,TFC_-2_6.xlsx,Salesarea - Customer - Product,,Dominick's,,,0.8603,Fressie Orange/Mango PET,,
1,,TFC_-2_6.xlsx,Salesarea - Customer - Product,,Dominick's,,,0.8533,Fressie Orange/Mango PET,,
2,,TFC_-2_6.xlsx,Salesarea - Customer - Product,,Dominick's,,,0.8567,Fressie Orange/Mango PET,,
3,,TFC_-2_6.xlsx,Salesarea - Customer - Product,,Dominick's,,,0.8891,Fressie Orange/Mango PET,,
4,,TFC_-2_6.xlsx,Salesarea - Customer - Product,,Dominick's,,,0.8897,Fressie Orange/Mango PET,,
5,,TFC_-2_6.xlsx,Salesarea - Customer - Product,,Dominick's,,,0.8741,Fressie Orange/Mango PET,,
6,,TFC_-2_6.xlsx,Salesarea - Customer - Product,,Dominick's,,,0.8749,Fressie Orange/Mango PET,,
-2,,TFC_-2_6.xlsx,Salesarea - Customer - Product,,Dominick's,,,0.8831,Fressie Orange/C-power PET,,
-1,,TFC_-2_6.xlsx,Salesarea - Customer - Product,,Dominick's,,,0.886,Fressie Orange/C-power PET,,
0,,TFC_-2_6.xlsx,Salesarea - Customer - Product,,Dominick's,,,0.886,Fressie Orange/C-power PET,,
1,,TFC_-2_6.xlsx,Salesarea - Customer - Product,,Dominick's,,,0.8709,Fressie Orange/C-power PET,,
2,,TFC_-2_6.xlsx,Salesarea - Customer - Product,,Dominick's,,,0.8658,Fressie Orange/C-power PET,,
3,,TFC_-2_6.xlsx,Salesarea - Customer - Product,,Dominick's,,,0.8992,Fressie Orange/C-power PET,,
4,,TFC_-2_6.xlsx,Salesarea - Customer - Product,,Dominick's,,,0.894,Fressie Orange/C-power PET,,
5,,TFC_-2_6.xlsx,Salesarea - Customer - Product,,Dominick's,,,0.8821,Fressie Orange/C-power PET,,
6,,TFC_-2_6.xlsx,Salesarea - Customer - Product,,Dominick's,,,0.8821,Fressie Orange/C-power PET,,
-2,,TFC_-2_6.xlsx,Salesarea - Customer - Product,,Dominick's,,,0.8517,Fressie Orange PET,,
-1,,TFC_-2_6.xlsx,Salesarea - Customer - Product,,Dominick's,,,0.8512,Fressie Orange PET,,
0,,TFC_-2_6.xlsx,Salesarea - Customer - Product,,Dominick's,,,0.8512,Fressie Orange PET,,
1,,TFC_-2_6.xlsx,Salesarea - Customer - Product,,Dominick's,,,0.8452,Fressie Orange PET,,
2,,TFC_-2_6.xlsx,Salesarea - Customer - Product,,Dominick's,,,0.8513,Fressie Orange PET,,
3,,TFC_-2_6.xlsx,Salesarea - Customer - Product,,Dominick's,,,0.8856,Fressie Orange PET,,
4,,TFC_-2_6.xlsx,Salesarea - Customer - Product,,Dominick's,,,0.8887,Fressie Orange PET,,
5,,TFC_-2_6.xlsx,Salesarea - Customer - Product,,Dominick's,,,0.8663,Fressie Orange PET,,
6,,TFC_-2_6.xlsx,Salesarea - Customer - Product,,Dominick's,,,0.8661,Fressie Orange PET,,
-2,,TFC_-2_6.xlsx,Distributor,,,,,,,,
-1,,TFC_-2_6.xlsx,Distributor,,,,,,,,
0,,TFC_-2_6.xlsx,Distributor,,,,,,,,
1,,TFC_-2_6.xlsx,Distributor,,,,,,,,
2,,TFC_-2_6.xlsx,Distributor,,,,,,,,
3,,TFC_-2_6.xlsx,Distributor,,,,,,,,
4,,TFC_-2_6.xlsx,Distributor,,,,,,,,
5,,TFC_-2_6.xlsx,Distributor,,,,,,,,
6,,TFC_-2_6.xlsx,Distributor,,,,,,,,
-2,,TFC_-2_6.xlsx,Product - Warehouse,,,DC Netherlands,,,Fressie Orange 1 liter,0.392,0.4959
-1,,TFC_-2_6.xlsx,Product - Warehouse,,,DC Netherlands,,,Fressie Orange 1 liter,0.3785,0.4899
0,,TFC_-2_6.xlsx,Product - Warehouse,,,DC Netherlands,,,Fressie Orange 1 liter,0.3785,0.4899
1,,TFC_-2_6.xlsx,Product - Warehouse,,,DC Netherlands,,,Fressie Orange 1 liter,0.4506,0.4899
2,,TFC_-2_6.xlsx,Product - Warehouse,,,DC Netherlands,,,Fressie Orange 1 liter,0.4545,0.4899
3,,TFC_-2_6.xlsx,Product - Warehouse,,,DC Netherlands,,,Fressie Orange 1 liter,0.4619,0.49
4,,TFC_-2_6.xlsx,Product - Warehouse,,,DC Netherlands,,,Fressie Orange 1 liter,0.4364,0.49
5,,TFC_-2_6.xlsx,Product - Warehouse,,,DC Netherlands,,,Fressie Orange 1 liter,0.4433,0.49
6,,TFC_-2_6.xlsx,Product - Warehouse,,,DC Netherlands,,,Fressie Orange 1 liter,0.4477,0.49
-2,,TFC_-2_6.xlsx,Product - Warehouse,,,DC Netherlands,,,Fressie Orange/Mango PET,0.2352,0.5199
-1,,TFC_-2_6.xlsx,Product - Warehouse,,,DC Netherlands,,,Fressie Orange/Mango PET,0.2303,0.5171
0,,TFC_-2_6.xlsx,Product - Warehouse,,,DC Netherlands,,,Fressie Orange/Mango PET,0.2303,0.5171
1,,TFC_-2_6.xlsx,Product - Warehouse,,,DC Netherlands,,,Fressie Orange/Mango PET,0.254,0.5171
2,,TFC_-2_6.xlsx,Product - Warehouse,,,DC Netherlands,,,Fressie Orange/Mango PET,0.2573,0.5171
3,,TFC_-2_6.xlsx,Product - Warehouse,,,DC Netherlands,,,Fressie Orange/Mango PET,0.2612,0.5174
4,,TFC_-2_6.xlsx,Product - Warehouse,,,DC Netherlands,,,Fressie Orange/Mango PET,0.2488,0.5174
5,,TFC_-2_6.xlsx,Product - Warehouse,,,DC Netherlands,,,Fressie Orange/Mango PET,0.2518,0.5174
6,,TFC_-2_6.xlsx,Product - Warehouse,,,DC Netherlands,,,Fressie Orange/Mango PET,0.2538,0.5174
-2,,TFC_-2_6.xlsx,Product - Warehouse,,,DC Netherlands,,,Fressie Orange/C-power PET,0.3009,0.587
-1,,TFC_-2_6.xlsx,Product - Warehouse,,,DC Netherlands,,,Fressie Orange/C-power PET,0.2947,0.5838
0,,TFC_-2_6.xlsx,Product - Warehouse,,,DC Netherlands,,,Fressie Orange/C-power PET,0.2947,0.5838
1,,TFC_-2_6.xlsx,Product - Warehouse,,,DC Netherlands,,,Fressie Orange/C-power PET,0.3251,0.5838
2,,TFC_-2_6.xlsx,Product - Warehouse,,,DC Netherlands,,,Fressie Orange/C-power PET,0.3293,0.5838
3,,TFC_-2_6.xlsx,Product - Warehouse,,,DC Netherlands,,,Fressie Orange/C-power PET,0.3343,0.5841
4,,TFC_-2_6.xlsx,Product - Warehouse,,,DC Netherlands,,,Fressie Orange/C-power PET,0.3184,0.5843
5,,TFC_-2_6.xlsx,Product - Warehouse,,,DC Netherlands,,,Fressie Orange/C-power PET,0.3223,0.5843
6,,TFC_-2_6.xlsx,Product - Warehouse,,,DC Netherlands,,,Fressie Orange/C-power PET,0.3249,0.5843
-2,,TFC_-2_6.xlsx,Product - Warehouse,,,DC Netherlands,,,Fressie Orange PET,0.207,0.4721
-1,,TFC_-2_6.xlsx,Product - Warehouse,,,DC Netherlands,,,Fressie Orange PET,0.2027,0.4712
0,,TFC_-2_6.xlsx,Product - Warehouse,,,DC Netherlands,,,Fressie Orange PET,0.2027,0.4712
1,,TFC_-2_6.xlsx,Product - Warehouse,,,DC Netherlands,,,Fressie Orange PET,0.2235,0.4712
2,,TFC_-2_6.xlsx,Product - Warehouse,,,DC Netherlands,,,Fressie Orange PET,0.2264,0.4712
3,,TFC_-2_6.xlsx,Product - Warehouse,,,DC Netherlands,,,Fressie Orange PET,0.2299,0.4714
4,,TFC_-2_6.xlsx,Product - Warehouse,,,DC Netherlands,,,Fressie Orange PET,0.2189,0.4713
5,,TFC_-2_6.xlsx,Product - Warehouse,,,DC Netherlands,,,Fressie Orange PET,0.2216,0.4713
6,,TFC_-2_6.xlsx,Product - Warehouse,,,DC Netherlands,,,Fressie Orange PET,0.2234,0.4713
-2,,TFC_-2_6.xlsx,Product - Warehouse,,,DC Netherlands,,,Fressie Orange/Mango 1 liter,0.418,0.5153
-1,,TFC_-2_6.xlsx,Product - Warehouse,,,DC Netherlands,,,Fressie Orange/Mango 1 liter,0.4036,0.5094
0,,TFC_-2_6.xlsx,Product - Warehouse,,,DC Netherlands,,,Fressie Orange/Mango 1 liter,0.4036,0.5094
1,,TFC_-2_6.xlsx,Product - Warehouse,,,DC Netherlands,,,Fressie Orange/Mango 1 liter,0.4807,0.5094
2,,TFC_-2_6.xlsx,Product - Warehouse,,,DC Netherlands,,,Fressie Orange/Mango 1 liter,0.4848,0.5094
3,,TFC_-2_6.xlsx,Product - Warehouse,,,DC Netherlands,,,Fressie Orange/Mango 1 liter,0.4927,0.5096
4,,TFC_-2_6.xlsx,Product - Warehouse,,,DC Netherlands,,,Fressie Orange/Mango 1 liter,0.4655,0.5095
5,,TFC_-2_6.xlsx,Product - Warehouse,,,DC Netherlands,,,Fressie Orange/Mango 1 liter,0.4729,0.5095
6,,TFC_-2_6.xlsx,Product - Warehouse,,,DC Netherlands,,,Fressie Orange/Mango 1 liter,0.4776,0.5095
-2,,TFC_-2_6.xlsx,Product - Warehouse,,,DC Netherlands,,,Fressie Orange/C-power 1 liter,0.4791,0.6126
-1,,TFC_-2_6.xlsx,Product - Warehouse,,,DC Netherlands,,,Fressie Orange/C-power 1 liter,0.4626,0.6063
0,,TFC_-2_6.xlsx,Product - Warehouse,,,DC Netherlands,,,Fressie Orange/C-power 1 liter,0.4626,0.6063
1,,TFC_-2_6.xlsx,Product - Warehouse,,,DC Netherlands,,,Fressie Orange/C-power 1 liter,0.5507,0.6063
2,,TFC_-2_6.xlsx,Product - Warehouse,,,DC Netherlands,,,Fressie Orange/C-power 1 liter,0.5555,0.6063
3,,TFC_-2_6.xlsx,Product - Warehouse,,,DC Netherlands,,,Fressie Orange/C-power 1 liter,0.5645,0.6076
4,,TFC_-2_6.xlsx,Product - Warehouse,,,DC Netherlands,,,Fressie Orange/C-power 1 liter,0.5334,0.6074
5,,TFC_-2_6.xlsx,Product - Warehouse,,,DC Netherlands,,,Fressie Orange/C-power 1 liter,0.5418,0.6074
6,,TFC_-2_6.xlsx,Product - Warehouse,,,DC Netherlands,,,Fressie Orange/C-power 1 liter,0.5472,0.6074
